t,ts_signal,ts_exec_next_open,signal,regime_active,close_tm1,close_tm2,mu_now,sigma_now,mu_prev,sigma_prev,lower_now,lower_prev
57,2025-01-07 09:00:00+00:00,2025-01-07 10:00:00+00:00,EXIT,False,3674.63,3667.77,3672.164333333334,18.272602566562714,3671.6253333333343,18.429734802456803,3644.75542948349,3643.980731129649
60,2025-01-07 12:00:00+00:00,2025-01-07 13:00:00+00:00,ENTER_LONG,False,3639.27,3657.61,3670.156333333334,19.311576231772328,3671.534333333334,18.517069905600277,3641.1889689856753,3643.7587284749334
79,2025-01-08 07:00:00+00:00,2025-01-08 08:00:00+00:00,ENTER_LONG,True,3308.77,3351.41,3515.738,137.61043384375574,3527.9503333333337,134.9318293431498,3309.3223492343664,3325.552589318609
90,2025-01-08 18:00:00+00:00,2025-01-08 19:00:00+00:00,ENTER_LONG,True,3263.06,3314.03,3395.769,83.72097822927458,3408.3093333333327,90.78166580440251,3270.187532656088,3272.136834626729
92,2025-01-08 20:00:00+00:00,2025-01-08 21:00:00+00:00,ENTER_LONG,True,3280.68,3282.83,3372.238666666666,59.295174830859764,3384.0826666666662,73.58808195776149,3283.2959044203767,3273.700543730024
98,2025-01-09 02:00:00+00:00,2025-01-09 03:00:00+00:00,EXIT,True,3345.96,3342.2,3345.376333333333,36.53323760480161,3346.6999999999994,37.242896235389665,3290.576476926131,3290.835655646915
110,2025-01-09 14:00:00+00:00,2025-01-09 15:00:00+00:00,ENTER_LONG,True,3221.04,3296.2,3320.4146666666666,32.97645692847485,3324.866333333334,27.881601040032788,3270.949981273954,3283.043931773285
112,2025-01-09 16:00:00+00:00,2025-01-09 17:00:00+00:00,EXIT,True,3320.58,3251.3,3315.69,33.61906859705268,3316.5866666666666,34.09292442069991,3265.261397104421,3265.4472800356166
114,2025-01-09 18:00:00+00:00,2025-01-09 19:00:00+00:00,ENTER_LONG,True,3250.48,3302.76,3310.3899999999994,33.73167383928643,3313.700333333333,32.54185883682055,3259.7924892410697,3264.8875450781024
116,2025-01-09 20:00:00+00:00,2025-01-09 21:00:00+00:00,ENTER_LONG,True,3195.63,3260.16,3302.3206666666665,38.613161998929264,3307.7413333333334,34.44462780883094,3244.4009236682728,3256.0743916200868
127,2025-01-10 07:00:00+00:00,2025-01-10 08:00:00+00:00,EXIT,True,3278.39,3264.18,3274.146666666666,45.727271755728246,3276.273666666666,47.331113057081396,3205.5557590330736,3205.276997081044
138,2025-01-10 18:00:00+00:00,2025-01-10 19:00:00+00:00,EXIT,True,3315.07,3247.48,3261.412,37.35473208755932,3260.956666666666,36.776677150365586,3205.379901868661,3205.7916509411175
142,2025-01-10 22:00:00+00:00,2025-01-10 23:00:00+00:00,EXIT,True,3264.85,3259.59,3262.000333333333,35.22958969231532,3263.8579999999997,36.76667362345056,3209.15594879486,3208.707989564824
153,2025-01-11 09:00:00+00:00,2025-01-11 10:00:00+00:00,ENTER_LONG,False,3224.64,3235.72,3267.4320000000002,26.86548186800305,3267.993000000001,26.13175082155807,3227.1337771979956,3228.795373767664
156,2025-01-11 12:00:00+00:00,2025-01-11 13:00:00+00:00,EXIT,False,3273.81,3256.1,3267.470666666667,27.08902187643959,3267.1496666666667,27.06904954412369,3226.837133852008,3226.546092350481
184,2025-01-12 16:00:00+00:00,2025-01-12 17:00:00+00:00,EXIT,False,3285.68,3269.1,3273.307,16.148222843396706,3271.9176666666663,16.803625339656758,3249.084665734905,3246.712228657181
191,2025-01-12 23:00:00+00:00,2025-01-13 00:00:00+00:00,ENTER_LONG,False,3240.62,3266.28,3274.277666666667,17.42489821746137,3275.423333333333,16.265612670771272,3248.140319340475,3251.0249143271762
193,2025-01-13 01:00:00+00:00,2025-01-13 02:00:00+00:00,EXIT,False,3308.56,3267.3,3275.134333333333,18.51830314100678,3274.1279999999992,17.464859652074683,3247.356878621823,3247.9307105218872
196,2025-01-13 04:00:00+00:00,2025-01-13 05:00:00+00:00,ENTER_LONG,False,3242.72,3255.96,3270.97,18.022141197242167,3273.116,18.360357767029836,3243.9367882041365,3245.5754633494553
219,2025-01-14 03:00:00+00:00,2025-01-14 04:00:00+00:00,EXIT,True,3157.36,3139.52,3145.3966666666665,89.51540661932016,3149.5403333333334,92.79052421029976,3011.123556737686,3010.3545470178838
254,2025-01-15 14:00:00+00:00,2025-01-15 15:00:00+00:00,EXIT,False,3298.94,3202.63,3219.180333333334,22.136954846791564,3214.9333333333343,18.320464574410252,3185.9749010631467,3187.452636471719
274,2025-01-16 10:00:00+00:00,2025-01-16 11:00:00+00:00,EXIT,True,3336.23,3316.2,3328.658333333333,81.19797177611984,3325.477,82.69486199879651,3206.861375669153,3201.4347070018052
287,2025-01-16 23:00:00+00:00,2025-01-17 00:00:00+00:00,ENTER_LONG,True,3297.62,3320.08,3362.828666666667,43.20272728531026,3364.2243333333336,41.724635383534405,3298.0245757387015,3301.637380258032
290,2025-01-17 02:00:00+00:00,2025-01-17 03:00:00+00:00,EXIT,True,3386.31,3313.68,3358.6596666666665,42.72898465782791,3360.2823333333336,44.63024808978276,3294.5661896799247,3293.3369611986595
318,2025-01-18 06:00:00+00:00,2025-01-18 07:00:00+00:00,ENTER_LONG,True,3294.0,3365.69,3410.409666666667,49.06497572833621,3410.878000000001,48.00724461995291,3336.8122030741624,3338.8671330700718
329,2025-01-18 17:00:00+00:00,2025-01-18 18:00:00+00:00,ENTER_LONG,True,3253.89,3307.07,3379.216666666667,77.50374504213042,3385.002666666667,74.34652912469343,3262.9610491034714,3273.4828729796272
338,2025-01-19 02:00:00+00:00,2025-01-19 03:00:00+00:00,EXIT,True,3353.3,3316.3,3340.2950000000005,81.15885339875129,3342.9220000000005,82.7962589493028,3218.5567199018737,3218.7276115760465
345,2025-01-19 09:00:00+00:00,2025-01-19 10:00:00+00:00,ENTER_LONG,True,3221.9,3276.06,3297.498,34.76547918074291,3305.146666666667,41.818078493504366,3245.3497812288856,3242.4195489264102
351,2025-01-19 15:00:00+00:00,2025-01-19 16:00:00+00:00,EXIT,True,3381.16,3276.99,3280.051333333334,49.11345082108931,3277.1196666666665,45.481234040963436,3206.3811571017,3208.8978156052212
361,2025-01-20 01:00:00+00:00,2025-01-20 02:00:00+00:00,ENTER_LONG,True,3170.9,3215.12,3296.9643333333324,78.09229252123555,3300.093666666666,74.78904061796457,3179.825894551479,3187.9101057397193
367,2025-01-20 07:00:00+00:00,2025-01-20 08:00:00+00:00,EXIT,True,3416.01,3291.33,3295.667,83.27470885168756,3292.343333333333,80.34346981691927,3170.7549367224688,3171.8281286079537
374,2025-01-20 14:00:00+00:00,2025-01-20 15:00:00+00:00,EXIT,True,3342.99,3304.02,3306.6596666666665,87.38233923333071,3304.4286666666662,87.28064351020535,3175.5861578166705,3173.507701401358
380,2025-01-20 20:00:00+00:00,2025-01-20 21:00:00+00:00,EXIT,True,3343.5,3330.53,3332.8853333333327,71.38512738347919,3330.668333333333,72.05073601675107,3225.807642258114,3222.5922293082062
397,2025-01-21 13:00:00+00:00,2025-01-21 14:00:00+00:00,EXIT,True,3307.19,3305.07,3305.9326666666675,48.8660345525283,3309.5600000000004,52.71223513884926,3232.633614837875,3230.4916472917266
401,2025-01-21 17:00:00+00:00,2025-01-21 18:00:00+00:00,EXIT,True,3313.85,3295.1,3296.452666666667,40.9970089911718,3297.771666666667,42.155687404614284,3234.9571531799093,3234.5381355597456
419,2025-01-22 11:00:00+00:00,2025-01-22 12:00:00+00:00,EXIT,True,3308.09,3298.55,3307.7256666666667,31.830817528859626,3305.6943333333334,33.636050866427375,3259.979440373377,3255.240257033692
424,2025-01-22 16:00:00+00:00,2025-01-22 17:00:00+00:00,ENTER_LONG,False,3278.39,3293.97,3315.9726666666666,20.501723819122038,3315.915,20.609503916073944,3285.2200809379833,3285.000744125889
427,2025-01-22 19:00:00+00:00,2025-01-22 20:00:00+00:00,ENTER_LONG,False,3249.93,3285.39,3312.5676666666664,24.931111311416174,3314.4763333333326,22.092955963886386,3275.170999699542,3281.336899387503
434,2025-01-23 02:00:00+00:00,2025-01-23 03:00:00+00:00,ENTER_LONG,True,3235.26,3253.62,3296.2786666666666,34.24066760771791,3299.508666666667,32.875474620993025,3244.9176652550896,3250.1954547351775
442,2025-01-23 10:00:00+00:00,2025-01-23 11:00:00+00:00,ENTER_LONG,True,3197.01,3210.05,3264.228333333333,39.63717515021583,3268.6940000000004,39.35834723833476,3204.772570608009,3209.6564791424985
447,2025-01-23 15:00:00+00:00,2025-01-23 16:00:00+00:00,EXIT,True,3275.55,3233.99,3250.3243333333335,36.91846301272877,3251.124666666667,37.708437582176344,3194.9466388142405,3194.5620102934026
453,2025-01-23 21:00:00+00:00,2025-01-23 22:00:00+00:00,EXIT,False,3247.18,3204.98,3238.486666666666,25.957857555832447,3240.046333333333,27.77538508383914,3199.5498803329174,3198.3832557075743
496,2025-01-25 16:00:00+00:00,2025-01-25 17:00:00+00:00,EXIT,True,3334.62,3315.85,3334.1133333333332,43.8441493879805,3336.3390000000004,45.47767528139487,3268.3471092513623,3268.122487077908
522,2025-01-26 18:00:00+00:00,2025-01-26 19:00:00+00:00,EXIT,False,3338.04,3315.82,3326.742333333333,14.821485909164268,3325.704666666667,15.081638888249353,3304.5101044695866,3303.082208334293
526,2025-01-26 22:00:00+00:00,2025-01-26 23:00:00+00:00,ENTER_LONG,False,3296.45,3329.67,3327.994,15.011511049857688,3329.2663333333335,13.857223022268489,3305.4767334252138,3308.480498799931
551,2025-01-27 23:00:00+00:00,2025-01-28 00:00:00+00:00,EXIT,True,3170.95,3159.25,3161.937,93.65480867348273,3166.766,97.64491144277135,3021.454786989776,3020.298632835843
570,2025-01-28 18:00:00+00:00,2025-01-28 19:00:00+00:00,EXIT,True,3167.62,3150.81,3158.8066666666664,43.78687119318857,3155.184,47.26544457282365,3093.1263598768837,3084.2858331407647
573,2025-01-28 21:00:00+00:00,2025-01-28 22:00:00+00:00,ENTER_LONG,True,3095.42,3147.31,3160.3676666666656,42.70870533301404,3161.770666666666,41.217401902055336,3096.3046086671447,3099.944563813583
584,2025-01-29 08:00:00+00:00,2025-01-29 09:00:00+00:00,EXIT,True,3156.89,3147.32,3154.6193333333335,42.708755069137226,3154.945666666667,42.762226998706325,3090.5562007296276,3090.8023261686076
595,2025-01-29 19:00:00+00:00,2025-01-29 20:00:00+00:00,EXIT,True,3127.94,3111.59,3125.661666666666,30.395359413714605,3127.229999999999,31.659985154765934,3080.068627546094,3079.7400222678502
601,2025-01-30 01:00:00+00:00,2025-01-30 02:00:00+00:00,EXIT,False,3124.42,3113.9,3118.4256666666665,23.23409831595699,3119.080333333333,23.66645241452315,3083.5745191927313,3083.580654711548
630,2025-01-31 06:00:00+00:00,2025-01-31 07:00:00+00:00,EXIT,True,3245.32,3216.61,3227.542666666667,40.39582708922078,3223.162,45.08421759329977,3166.948926032836,3155.5356736100503
634,2025-01-31 10:00:00+00:00,2025-01-31 11:00:00+00:00,EXIT,True,3266.4,3237.01,3240.485666666667,27.39202459151609,3238.322333333333,27.819429383476255,3199.397629779393,3196.593189258119
668,2025-02-01 20:00:00+00:00,2025-02-01 21:00:00+00:00,ENTER_LONG,True,3197.08,3242.04,3292.7156666666665,50.82638348229087,3297.969,48.77332271846978,3216.47609144323,3224.809015922295
684,2025-02-02 12:00:00+00:00,2025-02-02 13:00:00+00:00,ENTER_LONG,True,3064.86,3104.47,3180.1743333333334,70.82344652647797,3188.003333333333,70.6248733489523,3073.9391635436164,3082.0660233099047
689,2025-02-02 17:00:00+00:00,2025-02-02 18:00:00+00:00,ENTER_LONG,True,3015.9,3081.19,3147.1393333333335,70.9107556455452,3154.419666666667,68.22387727100306,3040.7731998650156,3052.0838507601625
716,2025-02-03 20:00:00+00:00,2025-02-03 21:00:00+00:00,EXIT,True,2764.23,2732.7,2727.268666666666,190.9360947146686,2738.0433333333335,201.54352921611968,2440.864524594663,2435.728039509154
718,2025-02-03 22:00:00+00:00,2025-02-03 23:00:00+00:00,EXIT,True,2817.69,2704.12,2705.7203333333327,166.7095694610507,2714.503666666666,178.87502830157396,2455.6559791417567,2446.191124214305
742,2025-02-04 22:00:00+00:00,2025-02-04 23:00:00+00:00,ENTER_LONG,True,2639.59,2733.0,2769.642333333334,59.48932260965453,2771.6800000000007,55.940891781713084,2680.408349418852,2687.7686623274312
750,2025-02-05 06:00:00+00:00,2025-02-05 07:00:00+00:00,EXIT,True,2784.74,2729.16,2758.2290000000003,52.31547937592974,2761.4010000000003,56.54096835333944,2679.7557809361056,2676.589547469991
752,2025-02-05 08:00:00+00:00,2025-02-05 09:00:00+00:00,EXIT,True,2759.31,2744.72,2751.8720000000003,46.58466524512115,2755.0213333333336,50.04609107168664,2681.9950021323184,2679.952196725804
764,2025-02-05 20:00:00+00:00,2025-02-05 21:00:00+00:00,EXIT,True,2775.49,2723.01,2760.2393333333334,40.80796130931097,2760.9190000000003,41.223984551876256,2699.027391369367,2699.083023172186
784,2025-02-06 16:00:00+00:00,2025-02-06 17:00:00+00:00,ENTER_LONG,True,2705.57,2748.48,2789.856,34.71569871590275,2791.6299999999997,31.581611949571737,2737.782451926146,2744.257582075642
792,2025-02-07 00:00:00+00:00,2025-02-07 01:00:00+00:00,ENTER_LONG,True,2686.64,2700.5,2768.2996666666672,52.223482360800936,2770.101333333334,50.27105719552308,2689.964443125466,2694.6947475400493
804,2025-02-07 12:00:00+00:00,2025-02-07 13:00:00+00:00,EXIT,True,2762.69,2743.01,2742.9883333333337,51.49715707902934,2745.3039999999996,53.839662183189816,2665.7425977147896,2664.544506725215
812,2025-02-07 20:00:00+00:00,2025-02-07 21:00:00+00:00,ENTER_LONG,True,2659.3,2678.47,2715.942333333333,28.87092905598219,2720.354333333333,29.97040492256024,2672.6359397493597,2675.398725949493
836,2025-02-08 20:00:00+00:00,2025-02-08 21:00:00+00:00,EXIT,True,2637.89,2631.63,2635.684666666667,40.95752505001035,2640.288666666667,48.08880567819876,2574.2483790916513,2568.1554581493688
856,2025-02-09 16:00:00+00:00,2025-02-09 17:00:00+00:00,EXIT,False,2653.21,2627.63,2639.422666666667,20.679029463578672,2638.2823333333336,20.82998778737571,2608.4041224712987,2607.03735165227
862,2025-02-09 22:00:00+00:00,2025-02-09 23:00:00+00:00,ENTER_LONG,True,2552.38,2637.19,2641.8286666666672,23.466684573856764,2643.5906666666674,18.0416978013588,2606.628639805882,2616.5281199646292
865,2025-02-10 01:00:00+00:00,2025-02-10 02:00:00+00:00,EXIT,True,2642.71,2627.18,2642.317333333334,23.176732719595186,2641.948,23.255680940363764,2607.552234253941,2607.064478589454
866,2025-02-10 02:00:00+00:00,2025-02-10 03:00:00+00:00,ENTER_LONG,True,2574.69,2642.71,2640.210666666667,26.163296037685193,2642.317333333334,23.176732719595186,2600.965722610139,2607.552234253941
873,2025-02-10 09:00:00+00:00,2025-02-10 10:00:00+00:00,EXIT,True,2644.8,2637.03,2638.2266666666665,27.700280183099608,2638.0539999999996,27.674900734540405,2596.676246392017,2596.541648898189
902,2025-02-11 14:00:00+00:00,2025-02-11 15:00:00+00:00,ENTER_LONG,True,2634.47,2686.03,2678.065,24.843353738978195,2678.150333333333,24.69743272533044,2640.7999693915326,2641.1041842453374
906,2025-02-11 18:00:00+00:00,2025-02-11 19:00:00+00:00,ENTER_LONG,True,2640.79,2645.43,2678.6169999999993,24.483137755061858,2679.029333333333,23.940758402542123,2641.8922933674066,2643.11819572952
911,2025-02-11 23:00:00+00:00,2025-02-12 00:00:00+00:00,ENTER_LONG,True,2586.39,2622.12,2669.164666666666,37.8667859505164,2671.7789999999995,34.63090761636687,2612.3644877408915,2619.8326385754494
916,2025-02-12 04:00:00+00:00,2025-02-12 05:00:00+00:00,ENTER_LONG,True,2587.24,2596.65,2656.8496666666665,44.91052107493549,2659.419666666666,43.01980144718891,2589.4838850542633,2594.889964495883
929,2025-02-12 17:00:00+00:00,2025-02-12 18:00:00+00:00,EXIT,True,2648.36,2606.9,2622.198333333333,29.08791926594655,2623.821666666666,31.740610903943825,2578.566454434413,2576.21075031075
962,2025-02-14 02:00:00+00:00,2025-02-14 03:00:00+00:00,EXIT,True,2683.25,2675.27,2681.991,36.43235442570243,2681.8143333333337,36.438670729810596,2627.342468361446,2627.156327238618
999,2025-02-15 15:00:00+00:00,2025-02-15 16:00:00+00:00,ENTER_LONG,False,2688.68,2707.02,2718.4989999999993,19.808008876882784,2719.0679999999998,19.178432226505553,2688.786986684675,2690.3003516602416
1014,2025-02-16 06:00:00+00:00,2025-02-16 07:00:00+00:00,EXIT,False,2709.27,2703.38,2704.0369999999994,12.403710775409088,2704.5929999999994,12.985995572153845,2685.431433836886,2685.114006641769
1018,2025-02-16 10:00:00+00:00,2025-02-16 11:00:00+00:00,EXIT,False,2704.6,2696.79,2700.934,9.269964616976676,2701.5939999999996,10.168764133364471,2687.029053074535,2686.340853799953
1020,2025-02-16 12:00:00+00:00,2025-02-16 13:00:00+00:00,EXIT,False,2710.99,2695.9,2699.7326666666663,7.780556078384656,2700.115,8.566466307643996,2688.0618325490896,2687.2653005385337
1027,2025-02-16 19:00:00+00:00,2025-02-16 20:00:00+00:00,ENTER_LONG,False,2679.49,2688.24,2696.5783333333334,7.778774146497787,2697.603,7.4791675784586245,2684.9101721135867,2686.384248632312
1031,2025-02-16 23:00:00+00:00,2025-02-17 00:00:00+00:00,ENTER_LONG,False,2678.9,2686.89,2694.712333333334,9.499070720631329,2695.0510000000004,9.1021031818659,2680.463727252387,2681.3978452272017
1035,2025-02-17 03:00:00+00:00,2025-02-17 04:00:00+00:00,ENTER_LONG,False,2669.34,2679.99,2691.878333333333,12.622204266908206,2692.4373333333338,11.965957249166873,2672.945026932971,2674.4883974595837
1037,2025-02-17 05:00:00+00:00,2025-02-17 06:00:00+00:00,ENTER_LONG,False,2662.16,2671.88,2689.8040000000005,13.94989882878487,2690.9049999999997,12.995438366339679,2668.8791517568234,2671.4118424504904
1041,2025-02-17 09:00:00+00:00,2025-02-17 10:00:00+00:00,EXIT,False,2714.6,2681.59,2688.8043333333335,14.882117609922174,2688.001333333333,14.097838305530715,2666.4811569184503,2666.854575875037
1052,2025-02-17 20:00:00+00:00,2025-02-17 21:00:00+00:00,EXIT,True,2717.72,2700.99,2706.0150000000003,39.539029051474344,2705.1733333333336,39.54965337676452,2646.706456422789,2645.8488532681868
1073,2025-02-18 17:00:00+00:00,2025-02-18 18:00:00+00:00,ENTER_LONG,True,2635.41,2673.7,2716.3486666666663,39.98436442188648,2720.1666666666665,37.46249238312308,2656.3721200338364,2663.972928091982
1083,2025-02-19 03:00:00+00:00,2025-02-19 04:00:00+00:00,EXIT,True,2691.3,2669.88,2684.1590000000006,36.73769520533371,2685.532,37.735078852441774,2629.052457192,2628.9293817213374
1086,2025-02-19 06:00:00+00:00,2025-02-19 07:00:00+00:00,EXIT,True,2687.21,2666.19,2677.1316666666676,28.548973021030946,2679.0263333333337,30.940864832055905,2634.308207135121,2632.61503608525
1122,2025-02-20 18:00:00+00:00,2025-02-20 19:00:00+00:00,EXIT,False,2735.37,2713.36,2723.3293333333336,14.911566860066095,2723.0480000000007,14.760597865036921,2700.9619830432343,2700.9071032024453
1128,2025-02-21 00:00:00+00:00,2025-02-21 01:00:00+00:00,EXIT,False,2738.04,2728.55,2729.8400000000006,12.531526376835833,2728.937,12.879317308511832,2711.042710434747,2709.6180240372323
1146,2025-02-21 18:00:00+00:00,2025-02-21 19:00:00+00:00,ENTER_LONG,True,2672.65,2736.78,2749.8023333333335,32.367593225666674,2752.0710000000004,29.100753294946415,2701.2509434948333,2708.4198700575807
1163,2025-02-22 11:00:00+00:00,2025-02-22 12:00:00+00:00,EXIT,True,2733.5,2715.02,2716.102,55.97024277238757,2716.694333333333,56.244589172846005,2632.1466358414186,2632.327449574064
1204,2025-02-24 04:00:00+00:00,2025-02-24 05:00:00+00:00,ENTER_LONG,True,2718.08,2777.38,2789.8710000000005,24.123009534467293,2791.467333333334,20.654659996125705,2753.6864856982997,2760.4853433391454
1220,2025-02-24 20:00:00+00:00,2025-02-24 21:00:00+00:00,ENTER_LONG,True,2641.26,2650.49,2735.5260000000003,62.02261891708003,2741.2360000000012,60.95741494956405,2642.49207162438,2649.799877575655
1223,2025-02-24 23:00:00+00:00,2025-02-25 00:00:00+00:00,ENTER_LONG,True,2508.2,2636.79,2715.7849999999994,73.79528922408713,2725.7176666666664,64.67671635054526,2605.092066163869,2628.7025921408485
1231,2025-02-25 07:00:00+00:00,2025-02-25 08:00:00+00:00,ENTER_LONG,True,2480.71,2506.05,2633.131666666667,93.78930806452418,2643.957666666667,94.31365958627389,2492.447704569881,2502.487177287256
1246,2025-02-25 22:00:00+00:00,2025-02-25 23:00:00+00:00,EXIT,True,2513.83,2493.37,2491.966,90.35921051005258,2496.797333333334,95.14706059335491,2356.427184234921,2354.0767424433016
1250,2025-02-26 02:00:00+00:00,2025-02-26 03:00:00+00:00,EXIT,True,2486.34,2475.1,2470.314,64.72400552087814,2475.478,71.61042803018752,2373.2279917186825,2368.0623579547187
1265,2025-02-26 17:00:00+00:00,2025-02-26 18:00:00+00:00,ENTER_LONG,True,2398.69,2428.47,2458.2786666666666,37.31195668355589,2458.1553333333336,37.514287565613614,2402.310731641333,2401.8839019849133
1272,2025-02-27 00:00:00+00:00,2025-02-27 01:00:00+00:00,ENTER_LONG,True,2336.37,2349.0,2438.7509999999997,66.15258097005737,2441.5783333333334,63.47483076429232,2339.522128544914,2346.366087186895
1293,2025-02-27 21:00:00+00:00,2025-02-27 22:00:00+00:00,ENTER_LONG,True,2256.45,2292.41,2337.112,32.86126325427356,2343.0930000000003,33.94675606986136,2287.8201051185897,2292.1728658952084
1298,2025-02-28 02:00:00+00:00,2025-02-28 03:00:00+00:00,ENTER_LONG,True,2193.56,2294.8,2323.347333333333,35.752089256744505,2326.7716666666665,27.007358390302173,2269.7191994482164,2286.260629081213
1307,2025-02-28 11:00:00+00:00,2025-02-28 12:00:00+00:00,ENTER_LONG,True,2117.09,2143.63,2261.680333333333,92.66673597659279,2268.160666666667,89.0560706870802,2122.6802293684436,2134.576560636047
1315,2025-02-28 19:00:00+00:00,2025-02-28 20:00:00+00:00,EXIT,True,2228.11,2209.3,2215.3533333333335,79.52723358838917,2219.3193333333334,82.9572919412285,2096.0624829507497,2094.8833954214906
1337,2025-03-01 17:00:00+00:00,2025-03-01 18:00:00+00:00,EXIT,True,2209.94,2173.29,2209.720333333333,39.030898228910324,2206.625333333333,42.42455662571959,2151.1739859899676,2142.9884983947536
1340,2025-03-01 20:00:00+00:00,2025-03-01 21:00:00+00:00,EXIT,True,2223.31,2212.11,2217.536666666667,29.349825363856755,2215.15,31.607647175960444,2173.511928620882,2167.7385292360595
1346,2025-03-02 02:00:00+00:00,2025-03-02 03:00:00+00:00,EXIT,True,2220.53,2215.49,2218.9946666666665,27.685735284117378,2219.3153333333335,27.757279853921005,2177.4660637404904,2177.679413552452
1348,2025-03-02 04:00:00+00:00,2025-03-02 05:00:00+00:00,EXIT,True,2220.18,2209.81,2218.6133333333332,27.70585694196966,2218.7839999999997,27.73074017523994,2177.054547920379,2177.18788973714
1354,2025-03-02 10:00:00+00:00,2025-03-02 11:00:00+00:00,EXIT,True,2242.2,2212.59,2215.715333333333,24.92626108255218,2216.4080000000004,25.92146618795575,2178.3259417095046,2177.525800718067
1360,2025-03-02 16:00:00+00:00,2025-03-02 17:00:00+00:00,EXIT,True,2229.51,2196.23,2212.2336666666665,22.13779189279928,2212.3633333333332,22.24971345633218,2179.0269788274677,2178.988763148835
1387,2025-03-03 19:00:00+00:00,2025-03-03 20:00:00+00:00,ENTER_LONG,True,2193.33,2277.21,2385.0,101.87184180789774,2386.319,99.61274899496217,2232.1922372881536,2236.8998765075567
1411,2025-03-04 19:00:00+00:00,2025-03-04 20:00:00+00:00,EXIT,True,2148.06,2118.91,2136.0976666666666,80.43994503907177,2143.4186666666665,90.55413536418729,2015.4377491080588,2007.5874636203855
1456,2025-03-06 16:00:00+00:00,2025-03-06 17:00:00+00:00,EXIT,True,2257.49,2225.0,2247.3953333333334,39.076026899138824,2246.778666666666,39.05782693505731,2188.781292984625,2188.1919262640804
1465,2025-03-07 01:00:00+00:00,2025-03-07 02:00:00+00:00,ENTER_LONG,True,2117.71,2202.2,2245.201333333333,43.33554482049222,2248.116,37.16373416831702,2180.1980161025945,2192.3703987475246
1479,2025-03-07 15:00:00+00:00,2025-03-07 16:00:00+00:00,EXIT,True,2221.65,2188.53,2205.887333333333,41.793363024395255,2208.2839999999997,44.59615712891266,2143.1972887967404,2141.3897643066307
1483,2025-03-07 19:00:00+00:00,2025-03-07 20:00:00+00:00,EXIT,True,2194.84,2162.31,2191.941,28.6938353832317,2194.366666666667,31.749521396217755,2148.9002469251523,2146.74238457234
1486,2025-03-07 22:00:00+00:00,2025-03-07 23:00:00+00:00,ENTER_LONG,True,2139.49,2157.51,2183.493,24.723288771251035,2187.4263333333324,26.71603070359732,2146.4080668431234,2147.3522872779363
1490,2025-03-08 02:00:00+00:00,2025-03-08 03:00:00+00:00,ENTER_LONG,True,2133.08,2152.19,2175.4280000000003,26.498290183833873,2177.6033333333335,25.59584983720777,2135.6805647242495,2139.209558577522
1501,2025-03-08 13:00:00+00:00,2025-03-08 14:00:00+00:00,EXIT,True,2168.59,2141.95,2162.7996666666663,26.452414947515756,2163.257,26.666307224660844,2123.1210442453926,2123.257539163009
1523,2025-03-09 11:00:00+00:00,2025-03-09 12:00:00+00:00,ENTER_LONG,True,2134.1,2165.79,2177.2619999999997,28.018346893895526,2177.7923333333333,27.338683543449676,2135.2344796591565,2136.7843080181588
1526,2025-03-09 14:00:00+00:00,2025-03-09 15:00:00+00:00,ENTER_LONG,True,2104.48,2141.81,2176.442666666667,29.81471738737243,2177.5559999999996,27.65187740461755,2131.720590585608,2136.0781838930734
1546,2025-03-10 10:00:00+00:00,2025-03-10 11:00:00+00:00,EXIT,True,2102.02,2062.1,2089.899,57.1419974187112,2092.698666666666,59.66894718546845,2004.186003871933,2003.1952458884634
1554,2025-03-10 18:00:00+00:00,2025-03-10 19:00:00+00:00,ENTER_LONG,True,1917.49,2005.29,2057.791333333333,45.79966198807828,2065.431666666667,40.57803889489431,1989.0918403512158,2004.5646083243255
1579,2025-03-11 19:00:00+00:00,2025-03-11 20:00:00+00:00,EXIT,True,1953.13,1904.91,1906.3223333333333,58.08938994821306,1912.0766666666668,69.80923483958904,1819.1882484110138,1807.3628144072832
1592,2025-03-12 08:00:00+00:00,2025-03-12 09:00:00+00:00,EXIT,True,1911.26,1873.11,1903.3550000000002,27.50612183375429,1901.6016666666667,28.60100861663605,1862.0958172493688,1858.7001537417127
1596,2025-03-12 12:00:00+00:00,2025-03-12 13:00:00+00:00,EXIT,True,1916.84,1900.33,1908.9296666666667,23.527318091009782,1908.155,23.636456975048826,1873.638689530152,1872.7003145374267
1599,2025-03-12 15:00:00+00:00,2025-03-12 16:00:00+00:00,ENTER_LONG,True,1860.8,1887.53,1908.3123333333335,25.291165214139294,1909.8689999999997,23.706421682742434,1870.3755855121246,1874.3093674758861
1607,2025-03-12 23:00:00+00:00,2025-03-13 00:00:00+00:00,EXIT,True,1910.61,1894.64,1902.0553333333335,27.31207495270587,1902.3083333333334,27.425068104848098,1861.0872209042745,1861.1707311760613
1610,2025-03-13 02:00:00+00:00,2025-03-13 03:00:00+00:00,EXIT,True,1907.01,1899.96,1898.8960000000002,23.83518346198886,1900.3926666666666,25.63911464063368,1863.1432248070168,1861.933994705716
1618,2025-03-13 10:00:00+00:00,2025-03-13 11:00:00+00:00,EXIT,True,1891.04,1875.51,1888.4053333333334,18.644935994050012,1887.6673333333335,18.96152805609879,1860.4379293422583,1859.2250412491853
1625,2025-03-13 17:00:00+00:00,2025-03-13 18:00:00+00:00,ENTER_LONG,True,1857.67,1875.41,1886.2163333333335,17.30410634952164,1887.6383333333333,16.63991467993617,1860.2601738090511,1862.6784613134291
1629,2025-03-13 21:00:00+00:00,2025-03-13 22:00:00+00:00,ENTER_LONG,True,1842.72,1851.82,1878.8373333333334,19.70564689513022,1879.44,18.84972413591243,1849.2788629906381,1851.1654137961314
1631,2025-03-13 23:00:00+00:00,2025-03-14 00:00:00+00:00,EXIT,True,1879.2,1862.29,1878.8373333333332,19.82485610428371,1878.5853333333332,19.866649228180258,1849.1000491769075,1848.7853594910628
1634,2025-03-14 02:00:00+00:00,2025-03-14 03:00:00+00:00,EXIT,True,1881.6,1874.6,1878.7066666666663,19.913836953792252,1878.595,19.906690793131165,1848.8359112359778,1848.7349638103033
1686,2025-03-16 06:00:00+00:00,2025-03-16 07:00:00+00:00,EXIT,False,1932.12,1926.74,1929.2803333333331,9.142407590758301,1928.5979999999995,9.654543110197709,1915.5667219471957,1914.116185334703
1690,2025-03-16 10:00:00+00:00,2025-03-16 11:00:00+00:00,ENTER_LONG,False,1907.76,1922.68,1930.0453333333337,8.538964313987684,1930.4679999999998,7.697801157906469,1917.236886862352,1918.9212982631402
1700,2025-03-16 20:00:00+00:00,2025-03-16 21:00:00+00:00,ENTER_LONG,True,1882.74,1896.11,1918.7786666666666,21.184330330589997,1920.3926666666669,20.198710838950973,1887.0021711707816,1890.0946004082405
1703,2025-03-16 23:00:00+00:00,2025-03-17 00:00:00+00:00,ENTER_LONG,True,1874.69,1889.57,1914.0040000000001,22.628054504677742,1916.107,21.792884794507284,1880.0619182429834,1883.417672808239
1708,2025-03-17 04:00:00+00:00,2025-03-17 05:00:00+00:00,EXIT,True,1908.85,1907.66,1907.4290000000003,19.390198615107938,1908.8286666666672,20.899057192982553,1878.3437020773383,1877.4800808771934
1713,2025-03-17 09:00:00+00:00,2025-03-17 10:00:00+00:00,EXIT,True,1903.73,1900.74,1902.0683333333334,15.903003926582207,1902.6843333333336,16.30818601875213,1878.21382744346,1878.2220543052053
1719,2025-03-17 15:00:00+00:00,2025-03-17 16:00:00+00:00,EXIT,False,1899.84,1898.66,1898.0759999999998,11.03032323491323,1898.8373333333332,11.881213724007983,1881.53051514763,1881.0155127473213
1742,2025-03-18 14:00:00+00:00,2025-03-18 15:00:00+00:00,ENTER_LONG,True,1879.81,1895.98,1912.1353333333334,16.094445363402734,1912.833,15.10105893637927,1887.9936652882293,1890.1814115954312
1744,2025-03-18 16:00:00+00:00,2025-03-18 17:00:00+00:00,ENTER_LONG,True,1881.02,1894.87,1910.7816666666665,17.23481555521331,1911.8400000000001,16.32560422567366,1884.9294433338466,1887.3515936614897
1746,2025-03-18 18:00:00+00:00,2025-03-18 19:00:00+00:00,ENTER_LONG,True,1876.78,1887.79,1908.8159999999998,18.686218022917334,1909.943,17.714382320589124,1880.786672965624,1883.3714265191163
1750,2025-03-18 22:00:00+00:00,2025-03-18 23:00:00+00:00,EXIT,True,1911.94,1906.56,1908.389333333333,18.748365783597137,1908.640333333333,18.844380680251145,1880.2667846579375,1880.3737623129564
1792,2025-03-20 16:00:00+00:00,2025-03-20 17:00:00+00:00,ENTER_LONG,True,1972.17,2003.78,2018.8423333333333,22.56240880806441,2017.893,24.976254209415263,1984.9987201212366,1980.4286186858772
1813,2025-03-21 13:00:00+00:00,2025-03-21 14:00:00+00:00,ENTER_LONG,False,1946.16,1966.81,1981.2259999999999,15.072396978140736,1983.453,14.656722951146556,1958.617404532789,1961.4679155732802
1820,2025-03-21 20:00:00+00:00,2025-03-21 21:00:00+00:00,EXIT,False,1973.93,1970.17,1972.9063333333331,12.472370660339141,1973.308,12.690985882375978,1954.1977773428243,1954.271521176436
1825,2025-03-22 01:00:00+00:00,2025-03-22 02:00:00+00:00,EXIT,False,1980.74,1965.75,1972.5149999999999,11.007568532605182,1972.0839999999998,10.929944373142979,1956.003647201092,1955.6890834402855
1849,2025-03-23 01:00:00+00:00,2025-03-23 02:00:00+00:00,EXIT,False,1985.52,1980.69,1985.1033333333335,8.133063929964436,1984.5916666666672,8.562278934696952,1972.9037374383868,1971.7482482646217
1872,2025-03-24 00:00:00+00:00,2025-03-24 01:00:00+00:00,EXIT,False,2005.99,1987.38,1999.6646666666666,9.325851429702743,1999.2203333333334,9.33144807745411,1985.6758895221124,1985.2231612171522
1874,2025-03-24 02:00:00+00:00,2025-03-24 03:00:00+00:00,ENTER_LONG,False,1980.7,1998.79,1999.272333333333,9.886357159686709,1999.7803333333331,9.292708067200971,1984.442797593803,1985.8412712325317
1876,2025-03-24 04:00:00+00:00,2025-03-24 05:00:00+00:00,EXIT,False,2014.48,1992.11,2000.1676666666665,9.97881578923849,1999.2259999999997,9.916512357342835,1985.1994429828087,1984.3512314639854
1911,2025-03-25 15:00:00+00:00,2025-03-25 16:00:00+00:00,EXIT,False,2076.39,2061.58,2074.3419999999996,15.15731097523569,2074.811,15.428673598206696,2051.6060335371462,2051.66798960269
1914,2025-03-25 18:00:00+00:00,2025-03-25 19:00:00+00:00,EXIT,False,2076.35,2068.55,2072.051,13.764097342966831,2072.5983333333334,14.242330821260337,2051.40485398555,2051.2348371014427
1916,2025-03-25 20:00:00+00:00,2025-03-25 21:00:00+00:00,EXIT,False,2075.64,2062.62,2071.1246666666666,13.561919415120501,2071.347666666667,13.688741282122658,2050.781787543986,2050.814554743483
1921,2025-03-26 01:00:00+00:00,2025-03-26 02:00:00+00:00,EXIT,False,2071.72,2066.15,2067.571,11.333185298052786,2068.422,12.510176497555891,2050.571222052921,2049.6567352536663
1923,2025-03-26 03:00:00+00:00,2025-03-26 04:00:00+00:00,ENTER_LONG,False,2048.5,2074.01,2065.851666666667,10.654725738166857,2067.081,10.709237554560076,2049.8695780594167,2051.01714366816
1927,2025-03-26 07:00:00+00:00,2025-03-26 08:00:00+00:00,EXIT,False,2067.0,2059.12,2062.5023333333334,9.084391626422867,2063.1466666666665,10.018081763602341,2048.875745893699,2048.119544021263
1931,2025-03-26 11:00:00+00:00,2025-03-26 12:00:00+00:00,EXIT,False,2073.11,2062.63,2064.201666666667,7.960175493598654,2063.3006666666665,8.417470298267878,2052.2614034262688,2050.6744612192647
1934,2025-03-26 14:00:00+00:00,2025-03-26 15:00:00+00:00,ENTER_LONG,False,2028.35,2064.64,2064.258333333333,9.681281279986772,2065.165,7.242424893178601,2049.736411413353,2054.301362660232
1959,2025-03-27 15:00:00+00:00,2025-03-27 16:00:00+00:00,EXIT,True,2025.75,2003.34,2023.949333333333,19.616851248069604,2025.210333333333,20.86805317278598,1994.5240564612286,1993.908253574154
1966,2025-03-27 22:00:00+00:00,2025-03-27 23:00:00+00:00,EXIT,False,2018.0,2007.37,2014.5343333333335,10.80670553663583,2014.3433333333335,10.794394327098157,1998.3242750283798,1998.1517418426863
1973,2025-03-28 05:00:00+00:00,2025-03-28 06:00:00+00:00,ENTER_LONG,True,1937.62,1999.84,2012.4186666666667,17.219125168125007,2014.5009999999997,10.52302280715955,1986.5899789144792,1998.7164657892604
2003,2025-03-29 11:00:00+00:00,2025-03-29 12:00:00+00:00,ENTER_LONG,False,1868.79,1877.04,1891.748666666667,13.93868232254718,1894.0430000000003,15.543236288924298,1870.8406431828464,1870.7281455666139
2030,2025-03-30 14:00:00+00:00,2025-03-30 15:00:00+00:00,ENTER_LONG,True,1806.68,1833.75,1837.5296666666666,17.546650674384782,1839.978333333333,18.184799528421763,1811.2096906550894,1812.7011340407003
2033,2025-03-30 17:00:00+00:00,2025-03-30 18:00:00+00:00,ENTER_LONG,False,1795.5,1813.75,1830.6136666666666,14.085214584410434,1833.0566666666666,14.138851281329572,1809.485844790051,1811.8483897446722
2041,2025-03-31 01:00:00+00:00,2025-03-31 02:00:00+00:00,ENTER_LONG,False,1786.42,1807.74,1822.7733333333333,15.163936677378834,1823.8319999999997,13.618932753095333,1800.027428317265,1803.4036008703567
2050,2025-03-31 10:00:00+00:00,2025-03-31 11:00:00+00:00,ENTER_LONG,True,1786.31,1795.54,1815.414,17.195118997358904,1817.0166666666667,16.639464200775475,1789.6213215039616,1792.0574703655034
2052,2025-03-31 12:00:00+00:00,2025-03-31 13:00:00+00:00,EXIT,True,1813.43,1803.57,1813.283,15.928557195594756,1814.1043333333332,16.53854501527333,1789.3901642066078,1789.2965158104232
2104,2025-04-02 16:00:00+00:00,2025-04-02 17:00:00+00:00,EXIT,True,1901.21,1875.75,1885.5986666666665,20.041582394833206,1885.0713333333333,19.830900254120795,1855.5362930744168,1855.3249829521521
2111,2025-04-02 23:00:00+00:00,2025-04-03 00:00:00+00:00,ENTER_LONG,True,1798.05,1867.12,1884.3166666666668,24.435043050686218,1888.2416666666666,19.14787509243663,1847.6641020906375,1859.5198540280117
2123,2025-04-03 11:00:00+00:00,2025-04-03 12:00:00+00:00,ENTER_LONG,True,1793.42,1811.34,1851.599666666666,34.35771009864048,1854.456666666666,32.93515824903365,1800.0631015187053,1805.0539292931155
2127,2025-04-03 15:00:00+00:00,2025-04-03 16:00:00+00:00,ENTER_LONG,True,1757.97,1784.18,1840.0716666666665,43.17167413040895,1843.7333333333331,40.636951848724514,1775.314155471053,1782.7779055602464
2136,2025-04-04 00:00:00+00:00,2025-04-04 01:00:00+00:00,EXIT,True,1817.23,1811.07,1813.771666666667,36.11510903424707,1816.2866666666666,38.79597971726221,1759.5990031152965,1758.0926970907733
2142,2025-04-04 06:00:00+00:00,2025-04-04 07:00:00+00:00,EXIT,True,1806.08,1788.09,1801.0240000000001,20.311301057949645,1800.6619999999998,20.31474052668816,1770.5570484130756,1770.1898892099675
2144,2025-04-04 08:00:00+00:00,2025-04-04 09:00:00+00:00,EXIT,True,1817.93,1800.15,1800.0686666666668,19.680821245285692,1800.3470000000002,19.988100151506803,1770.5474347987383,1770.36484977274
2150,2025-04-04 14:00:00+00:00,2025-04-04 15:00:00+00:00,EXIT,True,1802.06,1788.76,1795.7990000000002,17.922972288843898,1796.2406666666668,18.232402462526846,1768.9145415667344,1768.8920629728766
2152,2025-04-04 16:00:00+00:00,2025-04-04 17:00:00+00:00,EXIT,True,1795.24,1790.13,1794.2123333333332,17.01484600446196,1794.7489999999998,17.290469503939622,1768.6900643266401,1768.8132957440903
2174,2025-04-05 14:00:00+00:00,2025-04-05 15:00:00+00:00,ENTER_LONG,False,1787.04,1797.88,1808.8246666666666,12.797839331526042,1809.8543333333332,12.233927873836006,1789.6279076693777,1791.5034415225791
2176,2025-04-05 16:00:00+00:00,2025-04-05 17:00:00+00:00,ENTER_LONG,False,1782.01,1790.8,1805.9950000000001,12.799205899846518,1807.5749999999998,12.665807185752755,1786.7961911502302,1788.5762892213706
2180,2025-04-05 20:00:00+00:00,2025-04-05 21:00:00+00:00,ENTER_LONG,False,1782.17,1793.21,1805.6233333333332,13.105458743931415,1806.2863333333335,12.385533088603355,1785.9651452174362,1787.7080337004284
2184,2025-04-06 00:00:00+00:00,2025-04-06 01:00:00+00:00,EXIT,False,1806.01,1797.31,1804.9543333333334,12.921415733407676,1805.4656666666667,13.252357194937886,1785.5722097332218,1785.5871308742599
2188,2025-04-06 04:00:00+00:00,2025-04-06 05:00:00+00:00,EXIT,False,1809.81,1804.3,1804.329,12.491536961745993,1804.6086666666667,12.70324334788385,1785.591694557381,1785.5538016448409
2197,2025-04-06 13:00:00+00:00,2025-04-06 14:00:00+00:00,ENTER_LONG,False,1777.98,1789.19,1798.620666666667,11.618374508605843,1799.6733333333334,11.120532761018636,1781.1931049037582,1782.9925341918054
2229,2025-04-07 21:00:00+00:00,2025-04-07 22:00:00+00:00,EXIT,True,1570.94,1545.41,1564.2800000000002,69.90129541002798,1570.9160000000002,79.06731944362348,1459.4280568849583,1452.315020834565
2234,2025-04-08 02:00:00+00:00,2025-04-08 03:00:00+00:00,EXIT,True,1591.32,1544.73,1544.8263333333334,40.58287212468936,1545.9903333333336,42.36152440468696,1483.9520251462993,1482.4480467263031
2249,2025-04-08 17:00:00+00:00,2025-04-08 18:00:00+00:00,ENTER_LONG,True,1486.79,1531.77,1558.9959999999999,27.84401223482947,1559.1480000000001,27.459213559993547,1517.2299816477557,1517.9591796600098
2273,2025-04-09 17:00:00+00:00,2025-04-09 18:00:00+00:00,EXIT,True,1502.62,1485.26,1483.2546666666667,39.60756819374577,1485.3699999999997,42.19540433111959,1423.843314376048,1422.0768935033202
2314,2025-04-11 10:00:00+00:00,2025-04-11 11:00:00+00:00,EXIT,True,1564.0,1551.55,1555.5456666666666,36.04078723551353,1557.312666666667,37.674425537167174,1501.4844858133963,1500.8010283609162
2333,2025-04-12 05:00:00+00:00,2025-04-12 06:00:00+00:00,EXIT,True,1567.52,1554.4,1556.2326666666668,14.897310256851345,1554.8103333333331,15.763536507466267,1533.8867012813898,1531.1650285721337
2359,2025-04-13 07:00:00+00:00,2025-04-13 08:00:00+00:00,EXIT,True,1616.99,1609.28,1612.8573333333334,33.172054095109765,1611.0326666666665,34.37814043190171,1563.0992521906687,1559.465456018814
2361,2025-04-13 09:00:00+00:00,2025-04-13 10:00:00+00:00,EXIT,True,1620.6,1613.5,1617.2459999999996,28.793425360661757,1614.8179999999998,31.364544568668617,1574.055861959007,1567.771183146997
2366,2025-04-13 14:00:00+00:00,2025-04-13 15:00:00+00:00,ENTER_LONG,True,1574.26,1603.04,1623.2546666666665,21.748712411440717,1623.514333333333,21.20182314225726,1590.6315980495053,1591.7115986199472
2370,2025-04-13 18:00:00+00:00,2025-04-13 19:00:00+00:00,EXIT,True,1636.77,1595.69,1624.2463333333335,21.87028569899249,1622.822666666667,22.392595194741396,1591.4409047848449,1589.2337738745548
2378,2025-04-14 02:00:00+00:00,2025-04-14 03:00:00+00:00,EXIT,True,1617.34,1611.85,1613.9596666666664,20.71899023976688,1614.8026666666665,21.3444283023827,1582.881181307016,1582.7860242130923
2402,2025-04-15 02:00:00+00:00,2025-04-15 03:00:00+00:00,EXIT,True,1634.3,1631.09,1632.5773333333334,23.49302420341456,1631.109,24.685772602857707,1597.3377970282115,1594.0803410957133
2404,2025-04-15 04:00:00+00:00,2025-04-15 05:00:00+00:00,EXIT,True,1637.89,1631.72,1635.411,20.89375079619103,1633.9426666666666,22.176404267198553,1604.0703738057134,1600.6780602658687
2408,2025-04-15 08:00:00+00:00,2025-04-15 09:00:00+00:00,EXIT,True,1644.84,1636.75,1640.3026666666665,16.096781237943883,1639.386,16.587826178656847,1616.1574948097507,1614.5042607320147
2413,2025-04-15 13:00:00+00:00,2025-04-15 14:00:00+00:00,EXIT,True,1641.94,1632.05,1641.8713333333333,15.504391148603316,1641.2656666666664,15.841120474539952,1618.6147466104283,1617.5039859548565
2419,2025-04-15 19:00:00+00:00,2025-04-15 20:00:00+00:00,ENTER_LONG,False,1610.49,1616.03,1634.2913333333331,12.575229019341524,1636.5326666666665,14.04017875796302,1615.4284898043209,1615.4723985297219
2428,2025-04-16 04:00:00+00:00,2025-04-16 05:00:00+00:00,ENTER_LONG,True,1591.04,1598.59,1620.292,19.082201724818503,1621.4116666666664,18.302496930443354,1591.6686974127722,1593.9579212710014
2434,2025-04-16 10:00:00+00:00,2025-04-16 11:00:00+00:00,ENTER_LONG,True,1568.28,1575.49,1609.0026666666668,25.68385081892683,1611.3229999999999,25.036260257208273,1570.4768904382765,1573.7686096141874
2442,2025-04-16 18:00:00+00:00,2025-04-16 19:00:00+00:00,ENTER_LONG,True,1545.7,1592.66,1592.8729999999998,21.15145229844357,1595.7513333333334,20.3981366360318,1561.1458215523344,1565.1541283792856
2446,2025-04-16 22:00:00+00:00,2025-04-16 23:00:00+00:00,EXIT,True,1592.03,1573.63,1586.4806666666664,16.338451157383997,1587.4470000000001,17.457096007068305,1561.9729899305903,1561.2613559893975
2449,2025-04-17 01:00:00+00:00,2025-04-17 02:00:00+00:00,EXIT,False,1585.2,1577.14,1583.1799999999998,12.936527354742475,1584.023,13.83359248351636,1563.775208967886,1563.2726112747255
2465,2025-04-17 17:00:00+00:00,2025-04-17 18:00:00+00:00,EXIT,False,1605.38,1583.17,1587.0566666666666,12.56921220902708,1586.2646666666662,12.130605572499475,1568.202848353126,1568.068758307917
2484,2025-04-18 12:00:00+00:00,2025-04-18 13:00:00+00:00,EXIT,False,1590.67,1584.08,1589.0546666666667,9.119773291529162,1589.332,9.28960365139438,1575.375006729373,1575.3975945229085
2490,2025-04-18 18:00:00+00:00,2025-04-18 19:00:00+00:00,EXIT,False,1591.86,1587.4,1587.6073333333334,8.295858377661837,1587.6543333333332,8.323765847793219,1575.1635457668406,1575.1686845616434
2498,2025-04-19 02:00:00+00:00,2025-04-19 03:00:00+00:00,EXIT,False,1590.05,1586.21,1587.3296666666668,4.995289436614806,1587.043,5.0770477970305965,1579.8367325117445,1579.427428304454
2529,2025-04-20 09:00:00+00:00,2025-04-20 10:00:00+00:00,ENTER_LONG,False,1590.04,1597.46,1606.6560000000002,8.384936334482997,1606.732666666667,8.241955242672827,1594.0785954982757,1594.3697338026577
2545,2025-04-21 01:00:00+00:00,2025-04-21 02:00:00+00:00,EXIT,True,1610.09,1587.36,1596.3023333333333,16.311014414260754,1596.4723333333334,16.479535730380544,1571.8358117119421,1571.7530297377625
2563,2025-04-21 19:00:00+00:00,2025-04-21 20:00:00+00:00,ENTER_LONG,True,1567.73,1578.42,1609.302666666667,27.529922500597223,1609.582333333333,27.14612024867561,1568.007782915771,1568.8631529603197
2576,2025-04-22 08:00:00+00:00,2025-04-22 09:00:00+00:00,EXIT,True,1619.21,1583.74,1606.557,29.182023821752566,1606.8713333333333,29.3668246760789,1562.7839642673712,1562.821096319215
2623,2025-04-24 07:00:00+00:00,2025-04-24 08:00:00+00:00,ENTER_LONG,False,1768.19,1769.59,1790.419333333333,12.607728564478046,1789.8553333333332,13.901593130125619,1771.507740486616,1769.0029436381449
2641,2025-04-25 01:00:00+00:00,2025-04-25 02:00:00+00:00,EXIT,True,1774.15,1769.65,1769.1100000000001,16.277190789568078,1769.912,17.07875920551607,1744.694213815648,1744.293861191726
2645,2025-04-25 05:00:00+00:00,2025-04-25 06:00:00+00:00,EXIT,False,1766.0,1760.89,1764.4703333333334,13.317484868481069,1765.7176666666667,15.042964619899756,1744.4941060306119,1743.153219736817
2680,2025-04-26 16:00:00+00:00,2025-04-26 17:00:00+00:00,EXIT,False,1800.2,1792.2,1794.8913333333328,10.360749565333393,1794.488333333333,10.381532026739734,1779.3502089853328,1778.9160352932233
2697,2025-04-27 09:00:00+00:00,2025-04-27 10:00:00+00:00,EXIT,False,1810.09,1803.76,1804.0196666666666,10.62012318928342,1803.9496666666666,10.58674973204188,1788.0894818827414,1788.0695420686038
2708,2025-04-27 20:00:00+00:00,2025-04-27 21:00:00+00:00,EXIT,False,1808.01,1803.39,1805.5610000000001,9.662991376035338,1804.9746666666667,10.023540204050768,1791.0665129359472,1789.9393563605906
2713,2025-04-28 01:00:00+00:00,2025-04-28 02:00:00+00:00,ENTER_LONG,False,1773.59,1791.29,1804.306,11.391369715710235,1805.2793333333332,9.871344701823675,1787.2189454264346,1790.4723162805976
2719,2025-04-28 07:00:00+00:00,2025-04-28 08:00:00+00:00,EXIT,False,1804.69,1795.8,1797.6173333333338,11.451552131576848,1798.8620000000003,13.916570315035713,1780.4400051359685,1777.9871445274468
2728,2025-04-28 16:00:00+00:00,2025-04-28 17:00:00+00:00,ENTER_LONG,False,1763.28,1781.92,1795.558,13.664211990939453,1797.137,12.533186120589352,1775.0616820135908,1778.3372208191158
2732,2025-04-28 20:00:00+00:00,2025-04-28 21:00:00+00:00,EXIT,True,1797.17,1778.2,1792.0559999999998,15.55512640042933,1792.082333333333,15.564427537033149,1768.7233103993558,1768.7356920277834
2734,2025-04-28 22:00:00+00:00,2025-04-28 23:00:00+00:00,EXIT,True,1793.45,1785.83,1791.6823333333332,15.568344310027186,1791.696,15.57006992063085,1768.3298168682925,1768.3408951190536
2765,2025-04-30 05:00:00+00:00,2025-04-30 06:00:00+00:00,EXIT,False,1811.91,1808.91,1811.1830000000002,12.65844438836515,1810.848666666667,12.766819424673555,1792.1953334174525,1791.6984375296568
2772,2025-04-30 12:00:00+00:00,2025-04-30 13:00:00+00:00,EXIT,False,1815.7,1807.53,1812.7933333333333,11.466978484132422,1812.0996666666665,11.891724428731484,1795.5928656071346,1794.2620800235693
2773,2025-04-30 13:00:00+00:00,2025-04-30 14:00:00+00:00,ENTER_LONG,False,1775.46,1815.7,1811.271,13.164979642977052,1812.7933333333333,11.466978484132422,1791.5235305355343,1795.5928656071346
2785,2025-05-01 01:00:00+00:00,2025-05-01 02:00:00+00:00,EXIT,True,1797.75,1793.61,1793.516,17.614572679082144,1794.4436666666668,18.522555166307082,1767.0941409813768,1766.6598339172062
2821,2025-05-02 13:00:00+00:00,2025-05-02 14:00:00+00:00,EXIT,False,1841.23,1833.39,1838.2306666666668,12.843236854036796,1837.0743333333335,14.02812785877796,1818.9658113856117,1816.0321415451665
2823,2025-05-02 15:00:00+00:00,2025-05-02 16:00:00+00:00,EXIT,False,1848.9,1833.82,1840.0403333333334,11.260347680639745,1839.004666666667,11.81311410631798,1823.1498118123739,1821.28499550719
2829,2025-05-02 21:00:00+00:00,2025-05-02 22:00:00+00:00,EXIT,False,1846.81,1839.68,1841.5756666666666,10.392393591254878,1841.635,10.42713183638402,1825.9870762797843,1825.994302245424
2832,2025-05-03 00:00:00+00:00,2025-05-03 01:00:00+00:00,EXIT,False,1842.2,1835.2,1839.780333333333,9.184513953147192,1840.2439999999997,9.635027278978844,1826.003562403612,1825.7914590815315
2843,2025-05-03 11:00:00+00:00,2025-05-03 12:00:00+00:00,ENTER_LONG,False,1819.45,1827.4,1834.7163333333338,9.337987464592608,1835.4510000000002,8.96766389126324,1820.7093521364447,1821.9995041631055
2846,2025-05-03 14:00:00+00:00,2025-05-03 15:00:00+00:00,EXIT,False,1835.2,1829.59,1834.9909999999998,8.946963488618161,1834.361666666667,9.553577718437325,1821.5705547670725,1820.031300089011
2852,2025-05-03 20:00:00+00:00,2025-05-03 21:00:00+00:00,EXIT,False,1838.21,1825.93,1835.0873333333332,8.696370865034572,1834.9409999999996,8.679513561638498,1822.0427770357812,1821.9217296575418
2857,2025-05-04 01:00:00+00:00,2025-05-04 02:00:00+00:00,EXIT,False,1836.6,1833.52,1833.3819999999994,6.513110060997481,1833.7959999999994,7.074997573615599,1823.6123349085033,1823.183503639576
2862,2025-05-04 06:00:00+00:00,2025-05-04 07:00:00+00:00,EXIT,False,1845.74,1830.63,1832.666,6.108217743335607,1832.5479999999998,5.884611796881758,1823.5036733849965,1823.721082304677
2877,2025-05-04 21:00:00+00:00,2025-05-04 22:00:00+00:00,EXIT,False,1836.17,1828.4,1832.8683333333333,6.110186621990826,1832.836,6.095177656694411,1823.703053400347,1823.6932335149584
2879,2025-05-04 23:00:00+00:00,2025-05-05 00:00:00+00:00,ENTER_LONG,False,1818.02,1835.41,1832.5946666666666,6.605043897574715,1832.8976666666667,6.120197536753942,1822.6871008203045,1823.7173703615358
2888,2025-05-05 08:00:00+00:00,2025-05-05 09:00:00+00:00,EXIT,False,1826.59,1820.36,1824.6153333333336,13.234714386373783,1824.9803333333336,13.43364048035959,1804.763261753773,1804.8298726127944
2899,2025-05-05 19:00:00+00:00,2025-05-05 20:00:00+00:00,EXIT,False,1822.61,1814.51,1816.4016666666669,12.336360101567866,1816.654,12.536562952686305,1797.897126514315,1797.8491555709707
2902,2025-05-05 22:00:00+00:00,2025-05-05 23:00:00+00:00,EXIT,False,1816.75,1808.97,1814.9026666666666,11.620252129603537,1815.371,11.963333245100769,1797.4722884722614,1797.426000132349
2914,2025-05-06 10:00:00+00:00,2025-05-06 11:00:00+00:00,ENTER_LONG,False,1798.0,1801.68,1810.9896666666668,8.633100826984961,1810.8733333333332,8.828655742649714,1798.0400154261895,1797.6303497193587
2927,2025-05-06 23:00:00+00:00,2025-05-07 00:00:00+00:00,EXIT,True,1811.11,1775.81,1795.6256666666666,19.653832990595546,1795.5249999999999,19.58186707986072,1766.1449171807733,1766.1521993802087
2951,2025-05-07 23:00:00+00:00,2025-05-08 00:00:00+00:00,EXIT,True,1817.12,1802.73,1815.2183333333337,21.082828096713115,1813.415,23.06372227113396,1783.594091188264,1778.8194165932991
2953,2025-05-08 01:00:00+00:00,2025-05-08 02:00:00+00:00,EXIT,True,1827.13,1811.11,1817.8883333333333,18.638543770608507,1816.6546666666668,19.20232047320209,1789.9305176774205,1787.8511859568637
3043,2025-05-11 19:00:00+00:00,2025-05-11 20:00:00+00:00,EXIT,True,2504.7,2491.45,2503.3493333333327,39.63679905789004,2500.1353333333327,43.15040947919518,2443.8941347464975,2435.40971911454
3048,2025-05-12 00:00:00+00:00,2025-05-12 01:00:00+00:00,EXIT,True,2514.57,2503.51,2514.128333333333,29.860420524314236,2512.3503333333333,31.33291214078609,2469.3377025468617,2465.3509651221543
3051,2025-05-12 03:00:00+00:00,2025-05-12 04:00:00+00:00,EXIT,True,2522.85,2505.45,2516.601666666667,29.393864221787634,2515.5406666666668,29.72181353073116,2472.5108703339856,2470.95794637057
3055,2025-05-12 07:00:00+00:00,2025-05-12 08:00:00+00:00,EXIT,True,2517.69,2497.69,2510.4506666666666,23.08743697819707,2511.331666666667,23.838920289215167,2475.819511199371,2475.573286232844
3067,2025-05-12 19:00:00+00:00,2025-05-12 20:00:00+00:00,ENTER_LONG,True,2435.05,2476.38,2511.291,31.611403253678315,2513.977,28.26548155731059,2463.8738951194828,2471.578777664034
3074,2025-05-13 02:00:00+00:00,2025-05-13 03:00:00+00:00,ENTER_LONG,True,2453.11,2463.15,2508.9733333333334,33.566476364902414,2510.8036666666667,31.927492487753444,2458.62361878598,2462.9124279350367
3084,2025-05-13 12:00:00+00:00,2025-05-13 13:00:00+00:00,EXIT,True,2513.39,2482.41,2491.6523333333334,41.35527694529707,2491.129,41.17583387943302,2429.6194179153877,2429.3652491808502
3108,2025-05-14 12:00:00+00:00,2025-05-14 13:00:00+00:00,EXIT,True,2624.94,2595.83,2602.936333333333,78.97707952240883,2597.0966666666664,83.48257560047419,2484.47071404972,2471.872803265955
3128,2025-05-15 08:00:00+00:00,2025-05-15 09:00:00+00:00,ENTER_LONG,True,2531.0,2573.64,2607.584666666667,31.920407759857298,2612.2746666666667,30.633889048278284,2559.704055026881,2566.3238330942495
3130,2025-05-15 10:00:00+00:00,2025-05-15 11:00:00+00:00,ENTER_LONG,True,2539.3,2564.44,2601.539,33.422995811267455,2605.1230000000005,32.302850044539454,2551.404506283099,2556.6687249331912
3134,2025-05-15 14:00:00+00:00,2025-05-15 15:00:00+00:00,ENTER_LONG,True,2531.3,2553.0,2585.5320000000006,26.691933662937668,2589.180666666667,26.51000992497404,2545.494099505594,2549.415651779206
3137,2025-05-15 17:00:00+00:00,2025-05-15 18:00:00+00:00,EXIT,True,2599.02,2563.76,2580.933333333333,30.524972108459338,2580.8269999999998,30.46728389053847,2535.145875170644,2535.1260741641922
3139,2025-05-15 19:00:00+00:00,2025-05-15 20:00:00+00:00,ENTER_LONG,True,2525.0,2571.54,2576.214,30.290478547996983,2579.153333333333,29.444758258285756,2530.7782821780042,2534.9861959459045
3146,2025-05-16 02:00:00+00:00,2025-05-16 03:00:00+00:00,EXIT,True,2566.8,2544.24,2563.4753333333338,29.981429111294126,2564.752,30.897273817172486,2518.5031896663927,2518.4060892742414
3169,2025-05-17 01:00:00+00:00,2025-05-17 02:00:00+00:00,ENTER_LONG,True,2501.01,2537.12,2573.5856666666664,29.301534281027347,2574.385333333333,27.587166670190836,2529.6333652451253,2533.004583328047
3177,2025-05-17 09:00:00+00:00,2025-05-17 10:00:00+00:00,ENTER_LONG,True,2481.49,2492.89,2558.2320000000004,47.785639990831264,2561.3089999999997,45.67019884271725,2486.5535400137537,2492.803701735924
3197,2025-05-18 05:00:00+00:00,2025-05-18 06:00:00+00:00,EXIT,False,2485.91,2477.2,2483.003333333333,14.715704158785211,2484.996,18.52800251871024,2460.9297770951553,2457.2039962219346
3212,2025-05-18 20:00:00+00:00,2025-05-18 21:00:00+00:00,ENTER_LONG,True,2408.2,2463.01,2494.2869999999994,34.371781851784554,2496.063666666667,31.09764251336244,2442.7293272223224,2449.417202896623
3216,2025-05-19 00:00:00+00:00,2025-05-19 01:00:00+00:00,EXIT,True,2497.78,2454.91,2489.5690000000004,41.72004580933888,2488.6546666666673,41.83050559367198,2426.9889312859923,2425.9089082761593
3219,2025-05-19 03:00:00+00:00,2025-05-19 04:00:00+00:00,ENTER_LONG,True,2401.19,2428.7,2484.4673333333335,46.270540875257666,2487.3866666666668,43.610630228063556,2415.0615220204472,2421.9707213245715
3232,2025-05-19 16:00:00+00:00,2025-05-19 17:00:00+00:00,EXIT,True,2466.63,2447.3,2447.4443333333334,61.204417089146645,2448.8229999999994,62.080615984379556,2355.637707699613,2355.70207602343
3259,2025-05-20 19:00:00+00:00,2025-05-20 20:00:00+00:00,ENTER_LONG,True,2452.79,2497.47,2508.418666666666,35.331252806670896,2506.699,39.05615575467375,2455.42178745666,2448.1147663679894
3261,2025-05-20 21:00:00+00:00,2025-05-20 22:00:00+00:00,EXIT,True,2513.57,2501.28,2513.0939999999996,29.75080128892893,2510.885,32.00809207580693,2468.467798066606,2462.8728618862897
3263,2025-05-20 23:00:00+00:00,2025-05-21 00:00:00+00:00,EXIT,True,2516.55,2510.09,2514.7570000000005,28.474291463236366,2514.5426666666667,28.484186833321356,2472.045562805146,2471.8163864166845
3287,2025-05-21 23:00:00+00:00,2025-05-22 00:00:00+00:00,EXIT,True,2536.11,2504.7,2530.518333333333,33.599825007811496,2528.4916666666663,35.00567535732201,2480.1185958216156,2475.9831536306833
3324,2025-05-23 12:00:00+00:00,2025-05-23 13:00:00+00:00,ENTER_LONG,True,2566.79,2671.55,2658.383,28.490434318673792,2659.8036666666667,24.69795787554552,2615.647348521989,2622.7567298533486
3331,2025-05-23 19:00:00+00:00,2025-05-23 20:00:00+00:00,ENTER_LONG,True,2559.86,2577.2,2639.7039999999997,47.75989123382367,2642.965333333333,45.48256777662796,2568.064163149264,2574.7414816683913
3353,2025-05-24 17:00:00+00:00,2025-05-24 18:00:00+00:00,EXIT,False,2557.46,2555.64,2553.4823333333334,15.317157848489883,2557.2853333333333,26.158954838108944,2530.5065965605986,2518.04690107617
3356,2025-05-24 20:00:00+00:00,2025-05-24 21:00:00+00:00,EXIT,False,2554.47,2549.41,2552.2860000000005,14.142726894061108,2553.2130000000006,15.132296620143283,2531.0719096589087,2530.5145550697857
3359,2025-05-24 23:00:00+00:00,2025-05-25 00:00:00+00:00,ENTER_LONG,False,2525.39,2540.09,2549.2099999999996,13.683528053831708,2550.6009999999997,13.307263016864102,2528.684707919252,2530.6401054747034
3361,2025-05-25 01:00:00+00:00,2025-05-25 02:00:00+00:00,ENTER_LONG,False,2486.89,2530.4,2545.217666666666,16.812438189890504,2547.6499999999996,13.056972849784115,2519.99900938183,2528.0645407253232
3368,2025-05-25 08:00:00+00:00,2025-05-25 09:00:00+00:00,ENTER_LONG,True,2494.39,2507.42,2538.7119999999995,22.99542974882907,2539.7166666666662,21.656486685414944,2504.218855376756,2507.2319366385436
3380,2025-05-25 20:00:00+00:00,2025-05-25 21:00:00+00:00,EXIT,True,2526.6,2516.6,2519.9173333333333,23.15594393574912,2520.579,23.616464927390542,2485.1834174297096,2485.1543026089143
3383,2025-05-25 23:00:00+00:00,2025-05-26 00:00:00+00:00,EXIT,False,2549.16,2515.19,2517.137666666667,20.47078661301408,2517.4143333333336,20.95213396981058,2486.4314867471458,2485.9861323786176
3405,2025-05-26 21:00:00+00:00,2025-05-26 22:00:00+00:00,EXIT,False,2566.52,2541.22,2549.1076666666672,21.143819220335356,2547.0900000000006,22.24533449212818,2517.3919378361643,2513.7219982618085
3410,2025-05-27 02:00:00+00:00,2025-05-27 03:00:00+00:00,ENTER_LONG,False,2529.6,2550.86,2555.302666666667,15.852761049384702,2555.2026666666666,16.02312598159991,2531.52352509259,2531.1679776942665
3413,2025-05-27 05:00:00+00:00,2025-05-27 06:00:00+00:00,EXIT,False,2559.0,2549.25,2557.157,13.21628822072723,2556.829,13.288385994293415,2537.332567668909,2536.89642100856
3441,2025-05-28 09:00:00+00:00,2025-05-28 10:00:00+00:00,EXIT,True,2642.9,2636.39,2640.259,35.6628676496997,2636.6826666666666,40.29720312323862,2586.7646985254505,2576.2368619818085
3444,2025-05-28 12:00:00+00:00,2025-05-28 13:00:00+00:00,EXIT,True,2656.99,2640.41,2648.471,23.596797148483223,2645.555,27.453864057117073,2613.075804277275,2604.3742039143244
3452,2025-05-28 20:00:00+00:00,2025-05-28 21:00:00+00:00,ENTER_LONG,False,2617.79,2636.17,2651.184999999999,18.798758425314524,2652.444666666666,17.7560193987529,2622.9868623620273,2625.8106375685365
3454,2025-05-28 22:00:00+00:00,2025-05-28 23:00:00+00:00,EXIT,False,2652.25,2634.43,2649.764333333333,18.650556324737956,2650.2959999999994,18.93894815805075,2621.788498846226,2621.8875777629232
3456,2025-05-29 00:00:00+00:00,2025-05-29 01:00:00+00:00,EXIT,False,2681.6,2648.61,2648.5679999999998,17.194243106342334,2649.0393333333327,18.25438740565007,2622.7766353404863,2621.6577522248576
3481,2025-05-30 01:00:00+00:00,2025-05-30 02:00:00+00:00,ENTER_LONG,True,2573.5,2631.39,2681.3316666666665,46.777951008520645,2683.420666666666,43.17649483483142,2611.1647401538853,2618.6559244144187
3494,2025-05-30 14:00:00+00:00,2025-05-30 15:00:00+00:00,ENTER_LONG,True,2576.69,2610.2,2645.647,40.2203519916638,2650.7999999999997,40.951858728674765,2585.316472012504,2589.3722119069876
3497,2025-05-30 17:00:00+00:00,2025-05-30 18:00:00+00:00,ENTER_LONG,True,2540.82,2598.21,2630.4610000000002,34.59988269247936,2636.787,34.979193162983805,2578.561175961281,2584.3182102555243
3503,2025-05-30 23:00:00+00:00,2025-05-31 00:00:00+00:00,ENTER_LONG,True,2526.71,2569.2,2608.7933333333335,35.364116307667324,2612.5760000000005,32.31998438530976,2555.7471588718327,2564.0960234220356
3523,2025-05-31 19:00:00+00:00,2025-05-31 20:00:00+00:00,EXIT,True,2539.73,2527.39,2538.572333333333,27.12334660808327,2540.921333333333,30.018842053320803,2497.887313421208,2495.893070253352
3537,2025-06-01 09:00:00+00:00,2025-06-01 10:00:00+00:00,ENTER_LONG,False,2505.86,2509.0,2524.6553333333336,11.414466182096412,2524.1339999999996,12.560619836085626,2507.533634060189,2505.293070245871
3544,2025-06-01 16:00:00+00:00,2025-06-01 17:00:00+00:00,EXIT,False,2523.23,2509.68,2519.8156666666664,16.818270161411444,2519.8163333333337,16.81840588627697,2494.5882614245493,2494.588724503918
3548,2025-06-01 20:00:00+00:00,2025-06-01 21:00:00+00:00,EXIT,False,2526.38,2520.2,2520.2783333333336,17.085856740460972,2520.499666666667,17.206050386096425,2494.6495482226424,2494.6905910875225
3562,2025-06-02 10:00:00+00:00,2025-06-02 11:00:00+00:00,ENTER_LONG,False,2481.52,2494.58,2511.837,17.856918761831977,2512.896333333333,16.94642607028266,2485.051621857252,2487.4766942279093
3567,2025-06-02 15:00:00+00:00,2025-06-02 16:00:00+00:00,EXIT,False,2531.4,2504.67,2509.452333333333,19.724128993584383,2508.601,19.305180366937797,2479.8661398429567,2479.6432294495935
3599,2025-06-03 23:00:00+00:00,2025-06-04 00:00:00+00:00,EXIT,True,2604.5,2589.22,2602.079333333334,28.86006859928708,2600.155333333334,30.51131492122589,2558.7892304344036,2554.388360951495
3602,2025-06-04 02:00:00+00:00,2025-06-04 03:00:00+00:00,EXIT,False,2612.29,2598.99,2608.012333333333,20.98653753931049,2605.350666666667,24.96222999297581,2576.5325270243675,2567.9073216772035
3615,2025-06-04 15:00:00+00:00,2025-06-04 16:00:00+00:00,EXIT,False,2640.38,2614.78,2619.874666666666,14.691169169115007,2618.771666666666,14.348426646229258,2597.8379129129935,2597.2490266973223
3628,2025-06-05 04:00:00+00:00,2025-06-05 05:00:00+00:00,EXIT,False,2624.99,2620.07,2623.5406666666668,16.813399999867833,2622.3483333333334,17.901462153193595,2598.320566666865,2595.496140103543
3635,2025-06-05 11:00:00+00:00,2025-06-05 12:00:00+00:00,ENTER_LONG,False,2596.69,2609.69,2622.779,16.603223452089033,2624.1313333333333,16.06674634835012,2597.8741648218665,2600.031213810808
3637,2025-06-05 13:00:00+00:00,2025-06-05 14:00:00+00:00,EXIT,False,2631.66,2608.01,2622.300666666667,16.846035524386373,2622.2226666666666,16.80789376718237,2597.0316133800875,2597.010826015893
3638,2025-06-05 14:00:00+00:00,2025-06-05 15:00:00+00:00,ENTER_LONG,False,2589.87,2631.66,2621.038333333333,17.783910909083563,2622.300666666667,16.846035524386373,2594.3624669697074,2597.0316133800875
3663,2025-06-06 15:00:00+00:00,2025-06-06 16:00:00+00:00,EXIT,True,2518.85,2503.11,2502.838333333333,69.40928857548934,2505.7239999999997,71.7742509353691,2398.724400470099,2398.062623596946
3669,2025-06-06 21:00:00+00:00,2025-06-06 22:00:00+00:00,EXIT,True,2499.71,2484.02,2481.563,47.8849488635695,2484.498666666667,51.47272518744488,2409.735576704646,2407.2895788854994
3708,2025-06-08 12:00:00+00:00,2025-06-08 13:00:00+00:00,EXIT,False,2513.51,2503.04,2509.845666666666,11.726358821996781,2509.1953333333327,12.04186384613646,2492.256128433671,2491.132537564128
3711,2025-06-08 15:00:00+00:00,2025-06-08 16:00:00+00:00,EXIT,False,2514.45,2508.78,2511.6600000000003,9.935940485597369,2510.6406666666667,11.098072184943746,2496.756089271604,2493.993558389251
3722,2025-06-09 02:00:00+00:00,2025-06-09 03:00:00+00:00,ENTER_LONG,False,2494.9,2505.2,2516.5916666666667,10.57763933441149,2517.338666666667,9.780662804170754,2500.7252076650493,2502.667672460411
3731,2025-06-09 11:00:00+00:00,2025-06-09 12:00:00+00:00,EXIT,False,2534.86,2509.29,2509.9329999999995,14.949963244101964,2509.311666666667,14.273088216017639,2487.5080551338465,2487.9020343426405
3800,2025-06-12 08:00:00+00:00,2025-06-12 09:00:00+00:00,ENTER_LONG,True,2741.0,2768.12,2789.914333333333,30.574902963414637,2791.371,29.220804044379047,2744.051978888211,2747.5397939334316
3804,2025-06-12 12:00:00+00:00,2025-06-12 13:00:00+00:00,ENTER_LONG,True,2729.8,2750.3,2784.144666666667,33.93216180688885,2786.2743333333337,32.42604628826782,2733.2464239563337,2737.635263900932
3808,2025-06-12 16:00:00+00:00,2025-06-12 17:00:00+00:00,ENTER_LONG,True,2719.79,2764.79,2779.4379999999996,36.90774809350105,2780.7546666666667,35.431391800053326,2724.076377859748,2727.6075789665865
3812,2025-06-12 20:00:00+00:00,2025-06-12 21:00:00+00:00,ENTER_LONG,True,2695.0,2735.29,2772.4456666666656,40.426242275971596,2775.8253333333323,37.97423132716298,2711.8063032527084,2718.863986342588
3839,2025-06-13 23:00:00+00:00,2025-06-14 00:00:00+00:00,EXIT,True,2571.9,2553.99,2565.580666666667,69.05528369518309,2571.293666666667,76.0746318419543,2461.9977411238924,2457.1817189037356
3856,2025-06-14 16:00:00+00:00,2025-06-14 17:00:00+00:00,ENTER_LONG,False,2519.42,2529.3,2544.150666666667,13.724370279016657,2544.208666666667,13.62303704106477,2523.564111248142,2523.7741111050696
3865,2025-06-15 01:00:00+00:00,2025-06-15 02:00:00+00:00,EXIT,False,2537.6,2530.76,2536.4760000000006,19.14458698083266,2536.212666666667,19.18161166904968,2507.7591195287514,2507.440249163092
3869,2025-06-15 05:00:00+00:00,2025-06-15 06:00:00+00:00,EXIT,False,2543.49,2530.1,2534.1870000000004,17.599027842469045,2535.1340000000005,18.79768932608476,2507.7884582362967,2506.9374660108733
3878,2025-06-15 14:00:00+00:00,2025-06-15 15:00:00+00:00,EXIT,False,2543.03,2525.82,2526.2913333333336,12.10995506001388,2526.107000000001,11.893923140270694,2508.126400743313,2508.266115289595
3885,2025-06-15 21:00:00+00:00,2025-06-15 22:00:00+00:00,ENTER_LONG,False,2503.34,2536.79,2528.1489999999994,15.398096927867437,2529.014333333333,14.692873484183519,2505.0518546081985,2506.975023107058
3887,2025-06-15 23:00:00+00:00,2025-06-16 00:00:00+00:00,EXIT,False,2544.66,2517.4,2529.6519999999996,14.629799816356595,2528.0816666666656,15.440478421632195,2507.7073002754646,2504.9209490342173
3915,2025-06-17 03:00:00+00:00,2025-06-17 04:00:00+00:00,EXIT,True,2609.01,2580.91,2602.69,40.02882794520304,2599.1676666666667,43.79021471237102,2542.6467580821954,2533.48234459811
3923,2025-06-17 11:00:00+00:00,2025-06-17 12:00:00+00:00,ENTER_LONG,True,2556.79,2566.61,2609.7349999999997,31.830889373897996,2610.365333333333,30.951281151010342,2561.9886659391527,2563.9384116068177
3927,2025-06-17 15:00:00+00:00,2025-06-17 16:00:00+00:00,ENTER_LONG,True,2533.19,2553.04,2600.1313333333333,37.888475005233744,2603.368,36.13872294367912,2543.2986208254824,2549.159915584481
3955,2025-06-18 19:00:00+00:00,2025-06-18 20:00:00+00:00,ENTER_LONG,True,2475.56,2496.7,2511.534,21.023601752950572,2513.940333333334,20.8993713594984,2479.9985973705743,2482.591276294086
3957,2025-06-18 21:00:00+00:00,2025-06-18 22:00:00+00:00,EXIT,False,2528.75,2492.42,2509.365333333333,19.654233425792906,2509.5133333333333,19.815700060530002,2479.883983194644,2479.7897832425383
3964,2025-06-19 04:00:00+00:00,2025-06-19 05:00:00+00:00,EXIT,False,2525.43,2514.49,2515.3233333333333,15.596748877748732,2515.1323333333335,15.506636575637213,2491.92821001671,2491.8723784698777
3977,2025-06-19 17:00:00+00:00,2025-06-19 18:00:00+00:00,ENTER_LONG,False,2487.77,2492.97,2513.6623333333337,15.826868859281365,2513.896333333333,15.490645237977994,2489.9220300444117,2490.660365476366
3983,2025-06-19 23:00:00+00:00,2025-06-20 00:00:00+00:00,EXIT,False,2523.59,2510.12,2514.822666666667,15.285266747935953,2514.0359999999996,15.420503580190491,2491.894766544763,2490.9052446297137
3991,2025-06-20 07:00:00+00:00,2025-06-20 08:00:00+00:00,EXIT,False,2521.47,2515.88,2516.472,11.8948132674148,2516.7320000000004,12.084946945132494,2498.629780098878,2498.6045795823015
3999,2025-06-20 15:00:00+00:00,2025-06-20 16:00:00+00:00,ENTER_LONG,False,2490.01,2536.29,2522.284666666666,19.654549385716177,2523.4039999999995,18.71853085403164,2492.8028425880916,2495.326203718952
4001,2025-06-20 17:00:00+00:00,2025-06-20 18:00:00+00:00,ENTER_LONG,False,2482.51,2493.78,2518.931666666666,20.91592919018633,2520.799999999999,20.06514091652486,2487.5577728813864,2490.7022886252116
4028,2025-06-21 20:00:00+00:00,2025-06-21 21:00:00+00:00,ENTER_LONG,True,2384.76,2387.32,2426.8686666666667,25.347537123401644,2431.9196666666667,30.935114620048825,2388.847360981564,2385.5169947365935
4030,2025-06-21 22:00:00+00:00,2025-06-21 23:00:00+00:00,ENTER_LONG,True,2281.8,2403.64,2416.9236666666666,31.320053691241025,2423.989666666667,22.78816425008584,2369.943586129805,2389.807420291538
4042,2025-06-22 10:00:00+00:00,2025-06-22 11:00:00+00:00,ENTER_LONG,True,2241.95,2274.44,2358.5840000000003,73.27351224919774,2364.7053333333333,70.90661002254221,2248.673731626204,2258.34541829952
4046,2025-06-22 14:00:00+00:00,2025-06-22 15:00:00+00:00,ENTER_LONG,True,2199.93,2280.1,2335.7173333333335,76.6901392154747,2343.2813333333334,74.07020627905811,2220.6821245101214,2232.176023914746
4062,2025-06-23 06:00:00+00:00,2025-06-23 07:00:00+00:00,EXIT,True,2246.38,2233.71,2238.308,37.0033594330749,2239.9530000000004,38.39635678463952,2182.8029608503875,2182.3584648230412
4074,2025-06-23 18:00:00+00:00,2025-06-23 19:00:00+00:00,EXIT,True,2274.68,2221.79,2232.8703333333333,32.9826360866172,2232.8143333333337,32.91295405392164,2183.3963792034074,2183.4449022524514
4120,2025-06-25 16:00:00+00:00,2025-06-25 17:00:00+00:00,ENTER_LONG,False,2405.68,2432.12,2436.8706666666662,15.975003585463003,2437.209333333333,15.407803852449423,2412.9081612884715,2414.0976275546586
4125,2025-06-25 21:00:00+00:00,2025-06-25 22:00:00+00:00,EXIT,False,2438.2,2432.79,2437.9499999999994,15.073955685220794,2437.714333333333,15.123390202670247,2415.3390664721683,2415.0292480293274
4130,2025-06-26 02:00:00+00:00,2025-06-26 03:00:00+00:00,EXIT,False,2459.22,2426.9,2434.849333333333,14.049426069732865,2434.016666666667,13.300667986567055,2413.7751942287337,2414.0656646868165
4143,2025-06-26 15:00:00+00:00,2025-06-26 16:00:00+00:00,EXIT,True,2446.48,2433.68,2444.6379999999995,26.24984474874731,2444.4049999999997,26.263479554951143,2405.2632328768786,2405.009780667573
4149,2025-06-26 21:00:00+00:00,2025-06-26 22:00:00+00:00,EXIT,True,2445.27,2435.87,2445.163,26.11531327912169,2444.7246666666665,26.219987253154006,2405.9900300813174,2405.3946857869355
4153,2025-06-27 01:00:00+00:00,2025-06-27 02:00:00+00:00,ENTER_LONG,True,2400.36,2415.96,2444.707666666667,26.656585013004904,2445.3090000000007,25.84036601262972,2404.72278914716,2406.5484509810562
4156,2025-06-27 04:00:00+00:00,2025-06-27 05:00:00+00:00,EXIT,True,2446.97,2437.82,2445.02,26.662755296480555,2444.4743333333336,26.784496097971008,2405.0258670552794,2404.297589186377
4159,2025-06-27 07:00:00+00:00,2025-06-27 08:00:00+00:00,EXIT,True,2448.74,2440.0,2447.5833333333335,25.38456438249217,2446.8553333333334,25.65271015355343,2409.506486759595,2408.3762681030034
4161,2025-06-27 09:00:00+00:00,2025-06-27 10:00:00+00:00,EXIT,True,2448.61,2442.31,2445.53,23.81052596367135,2447.0196666666666,25.30754017854936,2409.814211054493,2409.0583563988425
4168,2025-06-27 16:00:00+00:00,2025-06-27 17:00:00+00:00,EXIT,False,2438.25,2423.25,2435.5813333333335,13.716274210667494,2436.4193333333333,14.593626675900518,2415.0069220173323,2414.5288933194824
4170,2025-06-27 18:00:00+00:00,2025-06-27 19:00:00+00:00,ENTER_LONG,False,2404.88,2433.43,2433.4753333333333,14.139847178177764,2434.991333333333,13.4120711135736,2412.265562566067,2414.8732266629727
4184,2025-06-28 08:00:00+00:00,2025-06-28 09:00:00+00:00,EXIT,False,2431.76,2427.47,2430.128666666666,14.55765382501207,2429.942333333333,14.5713494418175,2408.2921859291478,2408.0853091706067
4192,2025-06-28 16:00:00+00:00,2025-06-28 17:00:00+00:00,EXIT,False,2436.09,2425.57,2424.8203333333336,10.152000290035886,2425.646666666667,11.894960651002124,2409.59233289828,2407.804225690164
4205,2025-06-29 05:00:00+00:00,2025-06-29 06:00:00+00:00,EXIT,False,2429.83,2427.86,2428.873666666667,6.777088599752026,2428.623333333334,6.8751336148632145,2418.7080337670386,2418.310632911039
4217,2025-06-29 17:00:00+00:00,2025-06-29 18:00:00+00:00,EXIT,False,2439.06,2436.68,2437.5489999999995,9.180314936500428,2437.118333333333,9.399757827849708,2423.7785275952488,2423.018696591558
4223,2025-06-29 23:00:00+00:00,2025-06-30 00:00:00+00:00,EXIT,False,2501.72,2431.15,2441.1203333333333,13.8262652183765,2438.891333333333,8.068276450945921,2420.3809355057683,2426.788918656914
4240,2025-06-30 16:00:00+00:00,2025-06-30 17:00:00+00:00,EXIT,True,2474.78,2438.61,2465.3593333333333,26.29571269660172,2464.4763333333335,26.4090626469189,2425.9157642884306,2424.8627393629554
4261,2025-07-01 13:00:00+00:00,2025-07-01 14:00:00+00:00,ENTER_LONG,False,2437.35,2449.06,2471.1113333333333,18.615275579181983,2472.005333333333,17.58809440754992,2443.18841996456,2445.623191722008
4263,2025-07-01 15:00:00+00:00,2025-07-01 16:00:00+00:00,ENTER_LONG,True,2419.94,2443.47,2468.2520000000004,21.163630501405006,2469.8740000000003,19.169526963386456,2436.506554247893,2441.1197095549205
4267,2025-07-01 19:00:00+00:00,2025-07-01 20:00:00+00:00,ENTER_LONG,True,2410.14,2432.26,2463.7189999999996,26.34376603676856,2465.3819999999996,24.412942387184717,2424.2033509448465,2428.7625864192223
4273,2025-07-02 01:00:00+00:00,2025-07-02 02:00:00+00:00,ENTER_LONG,True,2398.44,2405.01,2450.5343333333335,33.967513860877276,2453.447,33.11118130883687,2399.5830625420176,2403.780228036745
4278,2025-07-02 06:00:00+00:00,2025-07-02 07:00:00+00:00,EXIT,True,2444.22,2439.56,2439.248666666667,27.538891376056213,2440.623666666667,28.755692130235527,2397.9403296025826,2397.4901284713137
4327,2025-07-04 07:00:00+00:00,2025-07-04 08:00:00+00:00,ENTER_LONG,False,2558.75,2568.86,2585.269666666666,14.321835888677905,2585.7646666666665,13.636943873985203,2563.7869128336492,2565.309250855689
